[
    {
        "model": "contenttypes.contenttype",
        "pk": 1,
        "fields": {
            "app_label": "admin",
            "model": "logentry"
        }
    },
    {
        "model": "contenttypes.contenttype",
        "pk": 2,
        "fields": {
            "app_label": "auth",
            "model": "permission"
        }
    },
    {
        "model": "contenttypes.contenttype",
        "pk": 3,
        "fields": {
            "app_label": "auth",
            "model": "group"
        }
    },
    {
        "model": "contenttypes.contenttype",
        "pk": 4,
        "fields": {
            "app_label": "auth",
            "model": "user"
        }
    },
    {
        "model": "contenttypes.contenttype",
        "pk": 5,
        "fields": {
            "app_label": "contenttypes",
            "model": "contenttype"
        }
    },
    {
        "model": "contenttypes.contenttype",
        "pk": 6,
        "fields": {
            "app_label": "sessions",
            "model": "session"
        }
    },
    {
        "model": "contenttypes.contenttype",
        "pk": 7,
        "fields": {
            "app_label": "sites",
            "model": "site"
        }
    },
    {
        "model": "contenttypes.contenttype",
        "pk": 8,
        "fields": {
            "app_label": "account",
            "model": "emailaddress"
        }
    },
    {
        "model": "contenttypes.contenttype",
        "pk": 9,
        "fields": {
            "app_label": "account",
            "model": "emailconfirmation"
        }
    },
    {
        "model": "contenttypes.contenttype",
        "pk": 10,
        "fields": {
            "app_label": "socialaccount",
            "model": "socialaccount"
        }
    },
    {
        "model": "contenttypes.contenttype",
        "pk": 11,
        "fields": {
            "app_label": "socialaccount",
            "model": "socialapp"
        }
    },
    {
        "model": "contenttypes.contenttype",
        "pk": 12,
        "fields": {
            "app_label": "socialaccount",
            "model": "socialtoken"
        }
    },
    {
        "model": "contenttypes.contenttype",
        "pk": 13,
        "fields": {
            "app_label": "authtoken",
            "model": "token"
        }
    },
    {
        "model": "sessions.session",
        "pk": "16nej6166c52hentf8b27i7n582b347e",
        "fields": {
            "session_data": "MDc4ZDc2YjE2OGEwYmQ0YjQ1NWY1NzRkMzQ1YWVmMjI5NzlhYWMzZDp7Il9hdXRoX3VzZXJfaWQiOiIxIiwiX2F1dGhfdXNlcl9iYWNrZW5kIjoiZGphbmdvLmNvbnRyaWIuYXV0aC5iYWNrZW5kcy5Nb2RlbEJhY2tlbmQiLCJfYXV0aF91c2VyX2hhc2giOiI2OTRkMTQxYWEzYzBiMDRmMTMzNDFkMmVlNmJjNWE2Njg0OTY2OTAzIn0=",
            "expire_date": "2020-01-25T09:47:11.154Z"
        }
    },
    {
        "model": "sessions.session",
        "pk": "2hghomwla53exs5gg03ip60zsyihgb8j",
        "fields": {
            "session_data": "MDc4ZDc2YjE2OGEwYmQ0YjQ1NWY1NzRkMzQ1YWVmMjI5NzlhYWMzZDp7Il9hdXRoX3VzZXJfaWQiOiIxIiwiX2F1dGhfdXNlcl9iYWNrZW5kIjoiZGphbmdvLmNvbnRyaWIuYXV0aC5iYWNrZW5kcy5Nb2RlbEJhY2tlbmQiLCJfYXV0aF91c2VyX2hhc2giOiI2OTRkMTQxYWEzYzBiMDRmMTMzNDFkMmVlNmJjNWE2Njg0OTY2OTAzIn0=",
            "expire_date": "2020-01-26T08:30:48.506Z"
        }
    },
    {
        "model": "sessions.session",
        "pk": "2u3rcbhabur7h92fh68py9bba1l31xc8",
        "fields": {
            "session_data": "MDc4ZDc2YjE2OGEwYmQ0YjQ1NWY1NzRkMzQ1YWVmMjI5NzlhYWMzZDp7Il9hdXRoX3VzZXJfaWQiOiIxIiwiX2F1dGhfdXNlcl9iYWNrZW5kIjoiZGphbmdvLmNvbnRyaWIuYXV0aC5iYWNrZW5kcy5Nb2RlbEJhY2tlbmQiLCJfYXV0aF91c2VyX2hhc2giOiI2OTRkMTQxYWEzYzBiMDRmMTMzNDFkMmVlNmJjNWE2Njg0OTY2OTAzIn0=",
            "expire_date": "2020-01-24T05:40:09.790Z"
        }
    },
    {
        "model": "sessions.session",
        "pk": "4oncrg01hfnd8c2omfc5ksv57z70rfzi",
        "fields": {
            "session_data": "MDc4ZDc2YjE2OGEwYmQ0YjQ1NWY1NzRkMzQ1YWVmMjI5NzlhYWMzZDp7Il9hdXRoX3VzZXJfaWQiOiIxIiwiX2F1dGhfdXNlcl9iYWNrZW5kIjoiZGphbmdvLmNvbnRyaWIuYXV0aC5iYWNrZW5kcy5Nb2RlbEJhY2tlbmQiLCJfYXV0aF91c2VyX2hhc2giOiI2OTRkMTQxYWEzYzBiMDRmMTMzNDFkMmVlNmJjNWE2Njg0OTY2OTAzIn0=",
            "expire_date": "2020-01-26T11:38:19.998Z"
        }
    },
    {
        "model": "sessions.session",
        "pk": "5etjujjbj5z945zdb0nfhevh1fuzc1e7",
        "fields": {
            "session_data": "MDc4ZDc2YjE2OGEwYmQ0YjQ1NWY1NzRkMzQ1YWVmMjI5NzlhYWMzZDp7Il9hdXRoX3VzZXJfaWQiOiIxIiwiX2F1dGhfdXNlcl9iYWNrZW5kIjoiZGphbmdvLmNvbnRyaWIuYXV0aC5iYWNrZW5kcy5Nb2RlbEJhY2tlbmQiLCJfYXV0aF91c2VyX2hhc2giOiI2OTRkMTQxYWEzYzBiMDRmMTMzNDFkMmVlNmJjNWE2Njg0OTY2OTAzIn0=",
            "expire_date": "2020-01-25T08:41:27.754Z"
        }
    },
    {
        "model": "sessions.session",
        "pk": "6nw1b35g00s4vxkigtj6u8zq7546rma8",
        "fields": {
            "session_data": "MDc4ZDc2YjE2OGEwYmQ0YjQ1NWY1NzRkMzQ1YWVmMjI5NzlhYWMzZDp7Il9hdXRoX3VzZXJfaWQiOiIxIiwiX2F1dGhfdXNlcl9iYWNrZW5kIjoiZGphbmdvLmNvbnRyaWIuYXV0aC5iYWNrZW5kcy5Nb2RlbEJhY2tlbmQiLCJfYXV0aF91c2VyX2hhc2giOiI2OTRkMTQxYWEzYzBiMDRmMTMzNDFkMmVlNmJjNWE2Njg0OTY2OTAzIn0=",
            "expire_date": "2020-01-23T10:23:49.567Z"
        }
    },
    {
        "model": "sessions.session",
        "pk": "6rrc9yn09p8l0tycn2o8vooq10pdv3zm",
        "fields": {
            "session_data": "MDc4ZDc2YjE2OGEwYmQ0YjQ1NWY1NzRkMzQ1YWVmMjI5NzlhYWMzZDp7Il9hdXRoX3VzZXJfaWQiOiIxIiwiX2F1dGhfdXNlcl9iYWNrZW5kIjoiZGphbmdvLmNvbnRyaWIuYXV0aC5iYWNrZW5kcy5Nb2RlbEJhY2tlbmQiLCJfYXV0aF91c2VyX2hhc2giOiI2OTRkMTQxYWEzYzBiMDRmMTMzNDFkMmVlNmJjNWE2Njg0OTY2OTAzIn0=",
            "expire_date": "2020-01-22T02:47:59.213Z"
        }
    },
    {
        "model": "sessions.session",
        "pk": "6rwmdyvajhy3x8r59jx3g7ojbctd5sst",
        "fields": {
            "session_data": "MDc4ZDc2YjE2OGEwYmQ0YjQ1NWY1NzRkMzQ1YWVmMjI5NzlhYWMzZDp7Il9hdXRoX3VzZXJfaWQiOiIxIiwiX2F1dGhfdXNlcl9iYWNrZW5kIjoiZGphbmdvLmNvbnRyaWIuYXV0aC5iYWNrZW5kcy5Nb2RlbEJhY2tlbmQiLCJfYXV0aF91c2VyX2hhc2giOiI2OTRkMTQxYWEzYzBiMDRmMTMzNDFkMmVlNmJjNWE2Njg0OTY2OTAzIn0=",
            "expire_date": "2020-01-23T01:27:04.206Z"
        }
    },
    {
        "model": "sessions.session",
        "pk": "75m4fh0kkjm7asln9vou54btd4urotm4",
        "fields": {
            "session_data": "MDc4ZDc2YjE2OGEwYmQ0YjQ1NWY1NzRkMzQ1YWVmMjI5NzlhYWMzZDp7Il9hdXRoX3VzZXJfaWQiOiIxIiwiX2F1dGhfdXNlcl9iYWNrZW5kIjoiZGphbmdvLmNvbnRyaWIuYXV0aC5iYWNrZW5kcy5Nb2RlbEJhY2tlbmQiLCJfYXV0aF91c2VyX2hhc2giOiI2OTRkMTQxYWEzYzBiMDRmMTMzNDFkMmVlNmJjNWE2Njg0OTY2OTAzIn0=",
            "expire_date": "2020-01-21T09:42:36.068Z"
        }
    },
    {
        "model": "sessions.session",
        "pk": "853v1bj8cwpxvtg2xy8ey74diky4vxkz",
        "fields": {
            "session_data": "MDc4ZDc2YjE2OGEwYmQ0YjQ1NWY1NzRkMzQ1YWVmMjI5NzlhYWMzZDp7Il9hdXRoX3VzZXJfaWQiOiIxIiwiX2F1dGhfdXNlcl9iYWNrZW5kIjoiZGphbmdvLmNvbnRyaWIuYXV0aC5iYWNrZW5kcy5Nb2RlbEJhY2tlbmQiLCJfYXV0aF91c2VyX2hhc2giOiI2OTRkMTQxYWEzYzBiMDRmMTMzNDFkMmVlNmJjNWE2Njg0OTY2OTAzIn0=",
            "expire_date": "2020-01-22T09:13:16.228Z"
        }
    },
    {
        "model": "sessions.session",
        "pk": "8xtkefg2yj7swrjn630qvwjarg8q9fzr",
        "fields": {
            "session_data": "MDc4ZDc2YjE2OGEwYmQ0YjQ1NWY1NzRkMzQ1YWVmMjI5NzlhYWMzZDp7Il9hdXRoX3VzZXJfaWQiOiIxIiwiX2F1dGhfdXNlcl9iYWNrZW5kIjoiZGphbmdvLmNvbnRyaWIuYXV0aC5iYWNrZW5kcy5Nb2RlbEJhY2tlbmQiLCJfYXV0aF91c2VyX2hhc2giOiI2OTRkMTQxYWEzYzBiMDRmMTMzNDFkMmVlNmJjNWE2Njg0OTY2OTAzIn0=",
            "expire_date": "2020-01-22T06:26:23.853Z"
        }
    },
    {
        "model": "sessions.session",
        "pk": "9dvk0idyjt62l4a4sg84hvxkvcxgfyyl",
        "fields": {
            "session_data": "MDc4ZDc2YjE2OGEwYmQ0YjQ1NWY1NzRkMzQ1YWVmMjI5NzlhYWMzZDp7Il9hdXRoX3VzZXJfaWQiOiIxIiwiX2F1dGhfdXNlcl9iYWNrZW5kIjoiZGphbmdvLmNvbnRyaWIuYXV0aC5iYWNrZW5kcy5Nb2RlbEJhY2tlbmQiLCJfYXV0aF91c2VyX2hhc2giOiI2OTRkMTQxYWEzYzBiMDRmMTMzNDFkMmVlNmJjNWE2Njg0OTY2OTAzIn0=",
            "expire_date": "2020-01-26T23:56:44.463Z"
        }
    },
    {
        "model": "sessions.session",
        "pk": "9l44cdefy55pqxd32iavfjsnqse5u7ur",
        "fields": {
            "session_data": "OWU0ZTBiNjgwNzE4MGI5ZDQ1YTk1NTFiMmQ1YThlNDdjNWM3YjVkNzp7ImFjY291bnRfdmVyaWZpZWRfZW1haWwiOm51bGwsIl9hdXRoX3VzZXJfaWQiOiIzIiwiX2F1dGhfdXNlcl9iYWNrZW5kIjoiZGphbmdvLmNvbnRyaWIuYXV0aC5iYWNrZW5kcy5Nb2RlbEJhY2tlbmQiLCJfYXV0aF91c2VyX2hhc2giOiIyOTJlMGMxZDNjMjM5MjA0Y2FhYWU2MDAyYTIzNDQyMjViMGI1NWI0In0=",
            "expire_date": "2020-01-27T00:01:07.554Z"
        }
    },
    {
        "model": "sessions.session",
        "pk": "ayvvo6idbhlo7krk1w6d3yipe6eyqk1o",
        "fields": {
            "session_data": "MDc4ZDc2YjE2OGEwYmQ0YjQ1NWY1NzRkMzQ1YWVmMjI5NzlhYWMzZDp7Il9hdXRoX3VzZXJfaWQiOiIxIiwiX2F1dGhfdXNlcl9iYWNrZW5kIjoiZGphbmdvLmNvbnRyaWIuYXV0aC5iYWNrZW5kcy5Nb2RlbEJhY2tlbmQiLCJfYXV0aF91c2VyX2hhc2giOiI2OTRkMTQxYWEzYzBiMDRmMTMzNDFkMmVlNmJjNWE2Njg0OTY2OTAzIn0=",
            "expire_date": "2020-01-27T00:05:29.967Z"
        }
    },
    {
        "model": "sessions.session",
        "pk": "bbvttgpbll7o0260motb3t8lkwwo9dr0",
        "fields": {
            "session_data": "MDc4ZDc2YjE2OGEwYmQ0YjQ1NWY1NzRkMzQ1YWVmMjI5NzlhYWMzZDp7Il9hdXRoX3VzZXJfaWQiOiIxIiwiX2F1dGhfdXNlcl9iYWNrZW5kIjoiZGphbmdvLmNvbnRyaWIuYXV0aC5iYWNrZW5kcy5Nb2RlbEJhY2tlbmQiLCJfYXV0aF91c2VyX2hhc2giOiI2OTRkMTQxYWEzYzBiMDRmMTMzNDFkMmVlNmJjNWE2Njg0OTY2OTAzIn0=",
            "expire_date": "2020-01-21T23:52:22.689Z"
        }
    },
    {
        "model": "sessions.session",
        "pk": "bcdn6gixiz2iqnz2u52tr5p1jq8964yf",
        "fields": {
            "session_data": "MDc4ZDc2YjE2OGEwYmQ0YjQ1NWY1NzRkMzQ1YWVmMjI5NzlhYWMzZDp7Il9hdXRoX3VzZXJfaWQiOiIxIiwiX2F1dGhfdXNlcl9iYWNrZW5kIjoiZGphbmdvLmNvbnRyaWIuYXV0aC5iYWNrZW5kcy5Nb2RlbEJhY2tlbmQiLCJfYXV0aF91c2VyX2hhc2giOiI2OTRkMTQxYWEzYzBiMDRmMTMzNDFkMmVlNmJjNWE2Njg0OTY2OTAzIn0=",
            "expire_date": "2020-01-24T00:42:26.116Z"
        }
    },
    {
        "model": "sessions.session",
        "pk": "bovht40gwyb9qvbil428wqdatwkghwgd",
        "fields": {
            "session_data": "MDc4ZDc2YjE2OGEwYmQ0YjQ1NWY1NzRkMzQ1YWVmMjI5NzlhYWMzZDp7Il9hdXRoX3VzZXJfaWQiOiIxIiwiX2F1dGhfdXNlcl9iYWNrZW5kIjoiZGphbmdvLmNvbnRyaWIuYXV0aC5iYWNrZW5kcy5Nb2RlbEJhY2tlbmQiLCJfYXV0aF91c2VyX2hhc2giOiI2OTRkMTQxYWEzYzBiMDRmMTMzNDFkMmVlNmJjNWE2Njg0OTY2OTAzIn0=",
            "expire_date": "2020-01-26T11:39:38.663Z"
        }
    },
    {
        "model": "sessions.session",
        "pk": "buhoe74368dxp4hzvlfgpsuci0rjivgj",
        "fields": {
            "session_data": "MDc4ZDc2YjE2OGEwYmQ0YjQ1NWY1NzRkMzQ1YWVmMjI5NzlhYWMzZDp7Il9hdXRoX3VzZXJfaWQiOiIxIiwiX2F1dGhfdXNlcl9iYWNrZW5kIjoiZGphbmdvLmNvbnRyaWIuYXV0aC5iYWNrZW5kcy5Nb2RlbEJhY2tlbmQiLCJfYXV0aF91c2VyX2hhc2giOiI2OTRkMTQxYWEzYzBiMDRmMTMzNDFkMmVlNmJjNWE2Njg0OTY2OTAzIn0=",
            "expire_date": "2020-01-26T00:46:56.583Z"
        }
    },
    {
        "model": "sessions.session",
        "pk": "dm05wb6uv2wjsezp1u8fcsda0h51bxr3",
        "fields": {
            "session_data": "MDc4ZDc2YjE2OGEwYmQ0YjQ1NWY1NzRkMzQ1YWVmMjI5NzlhYWMzZDp7Il9hdXRoX3VzZXJfaWQiOiIxIiwiX2F1dGhfdXNlcl9iYWNrZW5kIjoiZGphbmdvLmNvbnRyaWIuYXV0aC5iYWNrZW5kcy5Nb2RlbEJhY2tlbmQiLCJfYXV0aF91c2VyX2hhc2giOiI2OTRkMTQxYWEzYzBiMDRmMTMzNDFkMmVlNmJjNWE2Njg0OTY2OTAzIn0=",
            "expire_date": "2020-01-27T00:28:35.658Z"
        }
    },
    {
        "model": "sessions.session",
        "pk": "drj3dlsxtneuml3zj00z4ly3b1zmlxn2",
        "fields": {
            "session_data": "MDc4ZDc2YjE2OGEwYmQ0YjQ1NWY1NzRkMzQ1YWVmMjI5NzlhYWMzZDp7Il9hdXRoX3VzZXJfaWQiOiIxIiwiX2F1dGhfdXNlcl9iYWNrZW5kIjoiZGphbmdvLmNvbnRyaWIuYXV0aC5iYWNrZW5kcy5Nb2RlbEJhY2tlbmQiLCJfYXV0aF91c2VyX2hhc2giOiI2OTRkMTQxYWEzYzBiMDRmMTMzNDFkMmVlNmJjNWE2Njg0OTY2OTAzIn0=",
            "expire_date": "2020-01-26T23:55:29.436Z"
        }
    },
    {
        "model": "sessions.session",
        "pk": "dxnkiomml6pyto9qk8zw7hk87ziw4zzk",
        "fields": {
            "session_data": "MDc4ZDc2YjE2OGEwYmQ0YjQ1NWY1NzRkMzQ1YWVmMjI5NzlhYWMzZDp7Il9hdXRoX3VzZXJfaWQiOiIxIiwiX2F1dGhfdXNlcl9iYWNrZW5kIjoiZGphbmdvLmNvbnRyaWIuYXV0aC5iYWNrZW5kcy5Nb2RlbEJhY2tlbmQiLCJfYXV0aF91c2VyX2hhc2giOiI2OTRkMTQxYWEzYzBiMDRmMTMzNDFkMmVlNmJjNWE2Njg0OTY2OTAzIn0=",
            "expire_date": "2020-01-21T04:43:05.318Z"
        }
    },
    {
        "model": "sessions.session",
        "pk": "eegxebdnzp40ghe0ct2fw9m9mz6pelru",
        "fields": {
            "session_data": "MDc4ZDc2YjE2OGEwYmQ0YjQ1NWY1NzRkMzQ1YWVmMjI5NzlhYWMzZDp7Il9hdXRoX3VzZXJfaWQiOiIxIiwiX2F1dGhfdXNlcl9iYWNrZW5kIjoiZGphbmdvLmNvbnRyaWIuYXV0aC5iYWNrZW5kcy5Nb2RlbEJhY2tlbmQiLCJfYXV0aF91c2VyX2hhc2giOiI2OTRkMTQxYWEzYzBiMDRmMTMzNDFkMmVlNmJjNWE2Njg0OTY2OTAzIn0=",
            "expire_date": "2020-01-22T00:21:26.937Z"
        }
    },
    {
        "model": "sessions.session",
        "pk": "fq5b2ek4bcnym0fqnlg163ylhgcqmbgu",
        "fields": {
            "session_data": "MDc4ZDc2YjE2OGEwYmQ0YjQ1NWY1NzRkMzQ1YWVmMjI5NzlhYWMzZDp7Il9hdXRoX3VzZXJfaWQiOiIxIiwiX2F1dGhfdXNlcl9iYWNrZW5kIjoiZGphbmdvLmNvbnRyaWIuYXV0aC5iYWNrZW5kcy5Nb2RlbEJhY2tlbmQiLCJfYXV0aF91c2VyX2hhc2giOiI2OTRkMTQxYWEzYzBiMDRmMTMzNDFkMmVlNmJjNWE2Njg0OTY2OTAzIn0=",
            "expire_date": "2020-01-23T04:50:33.534Z"
        }
    },
    {
        "model": "sessions.session",
        "pk": "g22vniqxe3qkqpf50s1rx64ao647fwtq",
        "fields": {
            "session_data": "MDc4ZDc2YjE2OGEwYmQ0YjQ1NWY1NzRkMzQ1YWVmMjI5NzlhYWMzZDp7Il9hdXRoX3VzZXJfaWQiOiIxIiwiX2F1dGhfdXNlcl9iYWNrZW5kIjoiZGphbmdvLmNvbnRyaWIuYXV0aC5iYWNrZW5kcy5Nb2RlbEJhY2tlbmQiLCJfYXV0aF91c2VyX2hhc2giOiI2OTRkMTQxYWEzYzBiMDRmMTMzNDFkMmVlNmJjNWE2Njg0OTY2OTAzIn0=",
            "expire_date": "2020-01-26T08:31:21.609Z"
        }
    },
    {
        "model": "sessions.session",
        "pk": "gfspf0gwunebxmxjsy5dieny37cywd8p",
        "fields": {
            "session_data": "MzU5YWFhOWM2MmVjMjA2ODQ2OTIyMTVhN2YxZDRhMTVkYmExNGFiMzp7ImFjY291bnRfdmVyaWZpZWRfZW1haWwiOm51bGwsIl9hdXRoX3VzZXJfaWQiOiIyIiwiX2F1dGhfdXNlcl9iYWNrZW5kIjoiZGphbmdvLmNvbnRyaWIuYXV0aC5iYWNrZW5kcy5Nb2RlbEJhY2tlbmQiLCJfYXV0aF91c2VyX2hhc2giOiJiYzI4ZTE0NTk5NzY3NTgyMGUxNWZlM2U1MTFhYmQyMjQ3MWVmNzM3In0=",
            "expire_date": "2020-01-26T23:59:48.489Z"
        }
    },
    {
        "model": "sessions.session",
        "pk": "h5ig9l423gl4kjajxa610cnsa8537gvk",
        "fields": {
            "session_data": "MDc4ZDc2YjE2OGEwYmQ0YjQ1NWY1NzRkMzQ1YWVmMjI5NzlhYWMzZDp7Il9hdXRoX3VzZXJfaWQiOiIxIiwiX2F1dGhfdXNlcl9iYWNrZW5kIjoiZGphbmdvLmNvbnRyaWIuYXV0aC5iYWNrZW5kcy5Nb2RlbEJhY2tlbmQiLCJfYXV0aF91c2VyX2hhc2giOiI2OTRkMTQxYWEzYzBiMDRmMTMzNDFkMmVlNmJjNWE2Njg0OTY2OTAzIn0=",
            "expire_date": "2020-01-23T09:22:56.841Z"
        }
    },
    {
        "model": "sessions.session",
        "pk": "hn702umcrndu6sgcpcf6xb9z6lle2p9c",
        "fields": {
            "session_data": "MDc4ZDc2YjE2OGEwYmQ0YjQ1NWY1NzRkMzQ1YWVmMjI5NzlhYWMzZDp7Il9hdXRoX3VzZXJfaWQiOiIxIiwiX2F1dGhfdXNlcl9iYWNrZW5kIjoiZGphbmdvLmNvbnRyaWIuYXV0aC5iYWNrZW5kcy5Nb2RlbEJhY2tlbmQiLCJfYXV0aF91c2VyX2hhc2giOiI2OTRkMTQxYWEzYzBiMDRmMTMzNDFkMmVlNmJjNWE2Njg0OTY2OTAzIn0=",
            "expire_date": "2020-01-23T11:22:31.080Z"
        }
    },
    {
        "model": "sessions.session",
        "pk": "ipqboc3t8gmlzhvpjexs1gpb7rhu6ovk",
        "fields": {
            "session_data": "MDc4ZDc2YjE2OGEwYmQ0YjQ1NWY1NzRkMzQ1YWVmMjI5NzlhYWMzZDp7Il9hdXRoX3VzZXJfaWQiOiIxIiwiX2F1dGhfdXNlcl9iYWNrZW5kIjoiZGphbmdvLmNvbnRyaWIuYXV0aC5iYWNrZW5kcy5Nb2RlbEJhY2tlbmQiLCJfYXV0aF91c2VyX2hhc2giOiI2OTRkMTQxYWEzYzBiMDRmMTMzNDFkMmVlNmJjNWE2Njg0OTY2OTAzIn0=",
            "expire_date": "2020-01-23T07:05:21.960Z"
        }
    },
    {
        "model": "sessions.session",
        "pk": "j6iof9speryafpaivrtwnl2sjzhk9tr5",
        "fields": {
            "session_data": "MDc4ZDc2YjE2OGEwYmQ0YjQ1NWY1NzRkMzQ1YWVmMjI5NzlhYWMzZDp7Il9hdXRoX3VzZXJfaWQiOiIxIiwiX2F1dGhfdXNlcl9iYWNrZW5kIjoiZGphbmdvLmNvbnRyaWIuYXV0aC5iYWNrZW5kcy5Nb2RlbEJhY2tlbmQiLCJfYXV0aF91c2VyX2hhc2giOiI2OTRkMTQxYWEzYzBiMDRmMTMzNDFkMmVlNmJjNWE2Njg0OTY2OTAzIn0=",
            "expire_date": "2020-01-26T11:41:55.990Z"
        }
    },
    {
        "model": "sessions.session",
        "pk": "jsgo0fwd6vdbqms7x52uf3otztdfy8qa",
        "fields": {
            "session_data": "MDc4ZDc2YjE2OGEwYmQ0YjQ1NWY1NzRkMzQ1YWVmMjI5NzlhYWMzZDp7Il9hdXRoX3VzZXJfaWQiOiIxIiwiX2F1dGhfdXNlcl9iYWNrZW5kIjoiZGphbmdvLmNvbnRyaWIuYXV0aC5iYWNrZW5kcy5Nb2RlbEJhY2tlbmQiLCJfYXV0aF91c2VyX2hhc2giOiI2OTRkMTQxYWEzYzBiMDRmMTMzNDFkMmVlNmJjNWE2Njg0OTY2OTAzIn0=",
            "expire_date": "2020-01-23T23:34:30.746Z"
        }
    },
    {
        "model": "sessions.session",
        "pk": "k9aqbnuvur7h2l5u0iw91hbrp9i4kuy6",
        "fields": {
            "session_data": "MDc4ZDc2YjE2OGEwYmQ0YjQ1NWY1NzRkMzQ1YWVmMjI5NzlhYWMzZDp7Il9hdXRoX3VzZXJfaWQiOiIxIiwiX2F1dGhfdXNlcl9iYWNrZW5kIjoiZGphbmdvLmNvbnRyaWIuYXV0aC5iYWNrZW5kcy5Nb2RlbEJhY2tlbmQiLCJfYXV0aF91c2VyX2hhc2giOiI2OTRkMTQxYWEzYzBiMDRmMTMzNDFkMmVlNmJjNWE2Njg0OTY2OTAzIn0=",
            "expire_date": "2020-01-26T10:36:42.612Z"
        }
    },
    {
        "model": "sessions.session",
        "pk": "m4a8kkbt952lpt16x87xd1hjpj4qbk9p",
        "fields": {
            "session_data": "NDA0ZDJmMjBhZGUxMDkzZjBmMDNkY2YwYTg5ZTIyMTViNzZlMTA3Zjp7ImFjY291bnRfdmVyaWZpZWRfZW1haWwiOm51bGwsIl9hdXRoX3VzZXJfaWQiOiI2IiwiX2F1dGhfdXNlcl9iYWNrZW5kIjoiZGphbmdvLmNvbnRyaWIuYXV0aC5iYWNrZW5kcy5Nb2RlbEJhY2tlbmQiLCJfYXV0aF91c2VyX2hhc2giOiI1ZWZlZDIwNjMyNGU5NTlhN2UzNjE3NjlhZWYwZmU1ZjVjZGQ4ZDg3In0=",
            "expire_date": "2020-01-27T00:15:22.225Z"
        }
    },
    {
        "model": "sessions.session",
        "pk": "mj5megl913ekwvl8gzbp47pr20g24yjc",
        "fields": {
            "session_data": "MDc4ZDc2YjE2OGEwYmQ0YjQ1NWY1NzRkMzQ1YWVmMjI5NzlhYWMzZDp7Il9hdXRoX3VzZXJfaWQiOiIxIiwiX2F1dGhfdXNlcl9iYWNrZW5kIjoiZGphbmdvLmNvbnRyaWIuYXV0aC5iYWNrZW5kcy5Nb2RlbEJhY2tlbmQiLCJfYXV0aF91c2VyX2hhc2giOiI2OTRkMTQxYWEzYzBiMDRmMTMzNDFkMmVlNmJjNWE2Njg0OTY2OTAzIn0=",
            "expire_date": "2020-01-22T02:33:32.023Z"
        }
    },
    {
        "model": "sessions.session",
        "pk": "o6ps3whnbll2b5pdswj0wazwuezonzgz",
        "fields": {
            "session_data": "MDc4ZDc2YjE2OGEwYmQ0YjQ1NWY1NzRkMzQ1YWVmMjI5NzlhYWMzZDp7Il9hdXRoX3VzZXJfaWQiOiIxIiwiX2F1dGhfdXNlcl9iYWNrZW5kIjoiZGphbmdvLmNvbnRyaWIuYXV0aC5iYWNrZW5kcy5Nb2RlbEJhY2tlbmQiLCJfYXV0aF91c2VyX2hhc2giOiI2OTRkMTQxYWEzYzBiMDRmMTMzNDFkMmVlNmJjNWE2Njg0OTY2OTAzIn0=",
            "expire_date": "2020-01-22T04:54:18.608Z"
        }
    },
    {
        "model": "sessions.session",
        "pk": "oc56fmxnzqfs01maavgmzptqxcghuqgq",
        "fields": {
            "session_data": "YzlhMmJlMDAyNTc1M2MwMDQzZWYwZjhkN2IxYTZmNDA3NzdmM2U2NTp7ImFjY291bnRfdmVyaWZpZWRfZW1haWwiOm51bGwsIl9hdXRoX3VzZXJfaWQiOiI0IiwiX2F1dGhfdXNlcl9iYWNrZW5kIjoiZGphbmdvLmNvbnRyaWIuYXV0aC5iYWNrZW5kcy5Nb2RlbEJhY2tlbmQiLCJfYXV0aF91c2VyX2hhc2giOiI2MTk3MzU3ZWY5ODlkODVjMjJmZWE1ZGVlYjMxYTk4MWI3MmNlMzU1In0=",
            "expire_date": "2020-01-27T00:02:46.360Z"
        }
    },
    {
        "model": "sessions.session",
        "pk": "oktwfrv8yd7fjrpsp7kxyni5367tm9a4",
        "fields": {
            "session_data": "MDc4ZDc2YjE2OGEwYmQ0YjQ1NWY1NzRkMzQ1YWVmMjI5NzlhYWMzZDp7Il9hdXRoX3VzZXJfaWQiOiIxIiwiX2F1dGhfdXNlcl9iYWNrZW5kIjoiZGphbmdvLmNvbnRyaWIuYXV0aC5iYWNrZW5kcy5Nb2RlbEJhY2tlbmQiLCJfYXV0aF91c2VyX2hhc2giOiI2OTRkMTQxYWEzYzBiMDRmMTMzNDFkMmVlNmJjNWE2Njg0OTY2OTAzIn0=",
            "expire_date": "2020-01-22T01:30:20.129Z"
        }
    },
    {
        "model": "sessions.session",
        "pk": "on31jrp6twlazwnupncqa508lyjto661",
        "fields": {
            "session_data": "MDc4ZDc2YjE2OGEwYmQ0YjQ1NWY1NzRkMzQ1YWVmMjI5NzlhYWMzZDp7Il9hdXRoX3VzZXJfaWQiOiIxIiwiX2F1dGhfdXNlcl9iYWNrZW5kIjoiZGphbmdvLmNvbnRyaWIuYXV0aC5iYWNrZW5kcy5Nb2RlbEJhY2tlbmQiLCJfYXV0aF91c2VyX2hhc2giOiI2OTRkMTQxYWEzYzBiMDRmMTMzNDFkMmVlNmJjNWE2Njg0OTY2OTAzIn0=",
            "expire_date": "2020-01-22T01:28:31.593Z"
        }
    },
    {
        "model": "sessions.session",
        "pk": "p4i82ab6bpu8w9bo9jy0el7xmm5zmfy6",
        "fields": {
            "session_data": "MDc4ZDc2YjE2OGEwYmQ0YjQ1NWY1NzRkMzQ1YWVmMjI5NzlhYWMzZDp7Il9hdXRoX3VzZXJfaWQiOiIxIiwiX2F1dGhfdXNlcl9iYWNrZW5kIjoiZGphbmdvLmNvbnRyaWIuYXV0aC5iYWNrZW5kcy5Nb2RlbEJhY2tlbmQiLCJfYXV0aF91c2VyX2hhc2giOiI2OTRkMTQxYWEzYzBiMDRmMTMzNDFkMmVlNmJjNWE2Njg0OTY2OTAzIn0=",
            "expire_date": "2020-01-23T07:44:06.144Z"
        }
    },
    {
        "model": "sessions.session",
        "pk": "pl29wy08c7ve0plh99xxt94oethduzht",
        "fields": {
            "session_data": "MDc4ZDc2YjE2OGEwYmQ0YjQ1NWY1NzRkMzQ1YWVmMjI5NzlhYWMzZDp7Il9hdXRoX3VzZXJfaWQiOiIxIiwiX2F1dGhfdXNlcl9iYWNrZW5kIjoiZGphbmdvLmNvbnRyaWIuYXV0aC5iYWNrZW5kcy5Nb2RlbEJhY2tlbmQiLCJfYXV0aF91c2VyX2hhc2giOiI2OTRkMTQxYWEzYzBiMDRmMTMzNDFkMmVlNmJjNWE2Njg0OTY2OTAzIn0=",
            "expire_date": "2020-01-23T00:14:07.109Z"
        }
    },
    {
        "model": "sessions.session",
        "pk": "qj7d5flafm0xm7d7r96rpbnqyxr85z7c",
        "fields": {
            "session_data": "MDc4ZDc2YjE2OGEwYmQ0YjQ1NWY1NzRkMzQ1YWVmMjI5NzlhYWMzZDp7Il9hdXRoX3VzZXJfaWQiOiIxIiwiX2F1dGhfdXNlcl9iYWNrZW5kIjoiZGphbmdvLmNvbnRyaWIuYXV0aC5iYWNrZW5kcy5Nb2RlbEJhY2tlbmQiLCJfYXV0aF91c2VyX2hhc2giOiI2OTRkMTQxYWEzYzBiMDRmMTMzNDFkMmVlNmJjNWE2Njg0OTY2OTAzIn0=",
            "expire_date": "2020-01-23T04:51:18.756Z"
        }
    },
    {
        "model": "sessions.session",
        "pk": "rurxlwa8z94gm3jwcf6a0n2toiuafev0",
        "fields": {
            "session_data": "MDc4ZDc2YjE2OGEwYmQ0YjQ1NWY1NzRkMzQ1YWVmMjI5NzlhYWMzZDp7Il9hdXRoX3VzZXJfaWQiOiIxIiwiX2F1dGhfdXNlcl9iYWNrZW5kIjoiZGphbmdvLmNvbnRyaWIuYXV0aC5iYWNrZW5kcy5Nb2RlbEJhY2tlbmQiLCJfYXV0aF91c2VyX2hhc2giOiI2OTRkMTQxYWEzYzBiMDRmMTMzNDFkMmVlNmJjNWE2Njg0OTY2OTAzIn0=",
            "expire_date": "2020-01-21T10:43:21.321Z"
        }
    },
    {
        "model": "sessions.session",
        "pk": "skr25vshpqrohszht88gdi9bax22c09n",
        "fields": {
            "session_data": "MDc4ZDc2YjE2OGEwYmQ0YjQ1NWY1NzRkMzQ1YWVmMjI5NzlhYWMzZDp7Il9hdXRoX3VzZXJfaWQiOiIxIiwiX2F1dGhfdXNlcl9iYWNrZW5kIjoiZGphbmdvLmNvbnRyaWIuYXV0aC5iYWNrZW5kcy5Nb2RlbEJhY2tlbmQiLCJfYXV0aF91c2VyX2hhc2giOiI2OTRkMTQxYWEzYzBiMDRmMTMzNDFkMmVlNmJjNWE2Njg0OTY2OTAzIn0=",
            "expire_date": "2020-01-26T08:31:31.495Z"
        }
    },
    {
        "model": "sessions.session",
        "pk": "wqx7j0ysqf9osy0aax1b0ik1dev2mi6z",
        "fields": {
            "session_data": "MDc4ZDc2YjE2OGEwYmQ0YjQ1NWY1NzRkMzQ1YWVmMjI5NzlhYWMzZDp7Il9hdXRoX3VzZXJfaWQiOiIxIiwiX2F1dGhfdXNlcl9iYWNrZW5kIjoiZGphbmdvLmNvbnRyaWIuYXV0aC5iYWNrZW5kcy5Nb2RlbEJhY2tlbmQiLCJfYXV0aF91c2VyX2hhc2giOiI2OTRkMTQxYWEzYzBiMDRmMTMzNDFkMmVlNmJjNWE2Njg0OTY2OTAzIn0=",
            "expire_date": "2020-01-26T07:02:14.077Z"
        }
    },
    {
        "model": "sessions.session",
        "pk": "xw46eswwajdguhf9jfgqeo6a0pewsiug",
        "fields": {
            "session_data": "MDc4ZDc2YjE2OGEwYmQ0YjQ1NWY1NzRkMzQ1YWVmMjI5NzlhYWMzZDp7Il9hdXRoX3VzZXJfaWQiOiIxIiwiX2F1dGhfdXNlcl9iYWNrZW5kIjoiZGphbmdvLmNvbnRyaWIuYXV0aC5iYWNrZW5kcy5Nb2RlbEJhY2tlbmQiLCJfYXV0aF91c2VyX2hhc2giOiI2OTRkMTQxYWEzYzBiMDRmMTMzNDFkMmVlNmJjNWE2Njg0OTY2OTAzIn0=",
            "expire_date": "2020-01-24T00:40:33.212Z"
        }
    },
    {
        "model": "sessions.session",
        "pk": "y6jfzzy0xfeocl3ehw6y37nfp2bx5cqh",
        "fields": {
            "session_data": "MDc4ZDc2YjE2OGEwYmQ0YjQ1NWY1NzRkMzQ1YWVmMjI5NzlhYWMzZDp7Il9hdXRoX3VzZXJfaWQiOiIxIiwiX2F1dGhfdXNlcl9iYWNrZW5kIjoiZGphbmdvLmNvbnRyaWIuYXV0aC5iYWNrZW5kcy5Nb2RlbEJhY2tlbmQiLCJfYXV0aF91c2VyX2hhc2giOiI2OTRkMTQxYWEzYzBiMDRmMTMzNDFkMmVlNmJjNWE2Njg0OTY2OTAzIn0=",
            "expire_date": "2020-01-26T08:26:27.417Z"
        }
    },
    {
        "model": "sessions.session",
        "pk": "z2zc7opb3rom3fmftn7mrjbhmr83ot5z",
        "fields": {
            "session_data": "ODFlZGNiMzA2ZTQ0MDJjYTdkZTA5Mjk2NTQ5NjBkODMzYTg5NDlhOTp7ImFjY291bnRfdmVyaWZpZWRfZW1haWwiOm51bGwsIl9hdXRoX3VzZXJfaWQiOiI1IiwiX2F1dGhfdXNlcl9iYWNrZW5kIjoiZGphbmdvLmNvbnRyaWIuYXV0aC5iYWNrZW5kcy5Nb2RlbEJhY2tlbmQiLCJfYXV0aF91c2VyX2hhc2giOiJmNjQ5ODZlZTMwYzlkMDM2OTA2NTc5ZjY2N2M4Y2YzMTY2Yzk4YjkwIn0=",
            "expire_date": "2020-01-27T00:05:56.060Z"
        }
    },
    {
        "model": "sessions.session",
        "pk": "z60hq45ilyxobtj4zqrqhibm7mja51qp",
        "fields": {
            "session_data": "MDc4ZDc2YjE2OGEwYmQ0YjQ1NWY1NzRkMzQ1YWVmMjI5NzlhYWMzZDp7Il9hdXRoX3VzZXJfaWQiOiIxIiwiX2F1dGhfdXNlcl9iYWNrZW5kIjoiZGphbmdvLmNvbnRyaWIuYXV0aC5iYWNrZW5kcy5Nb2RlbEJhY2tlbmQiLCJfYXV0aF91c2VyX2hhc2giOiI2OTRkMTQxYWEzYzBiMDRmMTMzNDFkMmVlNmJjNWE2Njg0OTY2OTAzIn0=",
            "expire_date": "2020-01-22T03:48:40.696Z"
        }
    },
    {
        "model": "sessions.session",
        "pk": "zhmvenrz1vi1h6pb9e7w4kl68s00f9jt",
        "fields": {
            "session_data": "MDc4ZDc2YjE2OGEwYmQ0YjQ1NWY1NzRkMzQ1YWVmMjI5NzlhYWMzZDp7Il9hdXRoX3VzZXJfaWQiOiIxIiwiX2F1dGhfdXNlcl9iYWNrZW5kIjoiZGphbmdvLmNvbnRyaWIuYXV0aC5iYWNrZW5kcy5Nb2RlbEJhY2tlbmQiLCJfYXV0aF91c2VyX2hhc2giOiI2OTRkMTQxYWEzYzBiMDRmMTMzNDFkMmVlNmJjNWE2Njg0OTY2OTAzIn0=",
            "expire_date": "2020-01-21T06:03:54.844Z"
        }
    },
    {
        "model": "sessions.session",
        "pk": "zrzenfyvrkm23yb0fna0a4fg99kzafgk",
        "fields": {
            "session_data": "MDc4ZDc2YjE2OGEwYmQ0YjQ1NWY1NzRkMzQ1YWVmMjI5NzlhYWMzZDp7Il9hdXRoX3VzZXJfaWQiOiIxIiwiX2F1dGhfdXNlcl9iYWNrZW5kIjoiZGphbmdvLmNvbnRyaWIuYXV0aC5iYWNrZW5kcy5Nb2RlbEJhY2tlbmQiLCJfYXV0aF91c2VyX2hhc2giOiI2OTRkMTQxYWEzYzBiMDRmMTMzNDFkMmVlNmJjNWE2Njg0OTY2OTAzIn0=",
            "expire_date": "2020-01-23T05:58:58.985Z"
        }
    },
    {
        "model": "sites.site",
        "pk": 1,
        "fields": {
            "domain": "example.com",
            "name": "example.com"
        }
    },
    {
        "model": "core.item",
        "pk": 1,
        "fields": {
            "title": "Jasmine Silver Needle",
            "price": 22.0,
            "discount_price": 15.0,
            "category": "J",
            "origin": "C",
            "label": "C",
            "slug": "jasmine-silver-needle",
            "description": "Mellow, Floral, Refreshing",
            "image": "jasmine-silver-needle_loose-tea_gallery_v2.jpg"
        }
    },
    {
        "model": "core.item",
        "pk": 2,
        "fields": {
            "title": "Jasmine Pearls",
            "price": 22.0,
            "discount_price": null,
            "category": "J",
            "origin": "C",
            "label": "P",
            "slug": "jasmine-pearls",
            "description": "Sweet, Floral, Enticing",
            "image": "jasmine-pearls_loose-tea_gallery_v2.jpg"
        }
    },
    {
        "model": "core.item",
        "pk": 3,
        "fields": {
            "title": "Shimen Green Mountain",
            "price": 66.0,
            "discount_price": null,
            "category": "G",
            "origin": "C",
            "label": "N",
            "slug": "shimen-green-mountain",
            "description": "Fresh, Floral, Reviving",
            "image": "shimen-green-peak_loose-tea_thumbnailbase.jpg"
        }
    },
    {
        "model": "core.item",
        "pk": 4,
        "fields": {
            "title": "Organic Matcha",
            "price": 48.0,
            "discount_price": null,
            "category": "G",
            "origin": "J",
            "label": "P",
            "slug": "organic-matcha",
            "description": "Grassy, Creamy, Invigorating",
            "image": "loose-matcha-tea-powder2.jpg"
        }
    },
    {
        "model": "core.item",
        "pk": 5,
        "fields": {
            "title": "Assam Breakfast Tea",
            "price": 22.0,
            "discount_price": 15.0,
            "category": "B",
            "origin": "I",
            "label": "C",
            "slug": "assam-breakfast-tea",
            "description": "Rich, Malty, Rousing",
            "image": "assam-breakfast_loose-tea_gallery_v2.jpg"
        }
    },
    {
        "model": "core.item",
        "pk": 6,
        "fields": {
            "title": "Organic Darjeeling First Flush",
            "price": 44.0,
            "discount_price": null,
            "category": "B",
            "origin": "I",
            "label": "N",
            "slug": "organic-darjeeling-first-flush",
            "description": "Fragrant, Sweet, Reviving",
            "image": "jing-tea_darjeeling-1st-flush-comp-winner-1.jpg"
        }
    },
    {
        "model": "core.item",
        "pk": 7,
        "fields": {
            "title": "Chamomile Tea",
            "price": 25.0,
            "discount_price": null,
            "category": "H",
            "origin": "",
            "label": "",
            "slug": "charmomile-tea",
            "description": "Floral, Delicate, Calming",
            "image": "chamomile-flowers_loose-tea_gallery_v2.jpg"
        }
    },
    {
        "model": "core.item",
        "pk": 8,
        "fields": {
            "title": "Raspberry & Rose",
            "price": 22.0,
            "discount_price": null,
            "category": "H",
            "origin": "",
            "label": "",
            "slug": "raspberry-rose",
            "description": "Delicate, Fruity, Enticing",
            "image": "raspberry_and_rose_loose_tea_thumbnail.jpg"
        }
    },
    {
        "model": "core.item",
        "pk": 9,
        "fields": {
            "title": "Phoenix Thunder",
            "price": 88.0,
            "discount_price": null,
            "category": "O",
            "origin": "C",
            "label": "N",
            "slug": "phoenix-thunder",
            "description": "Syrupy, Floral, Compelling",
            "image": "jing_phoenix-thunder-loose-leaf-tea.main.jpg"
        }
    },
    {
        "model": "core.item",
        "pk": 10,
        "fields": {
            "title": "Oriental Beauty Supreme",
            "price": 83.0,
            "discount_price": null,
            "category": "O",
            "origin": "C",
            "label": "O",
            "slug": "oriental-beauty-supreme",
            "description": "Sweet, Fragrant, Exciting",
            "image": "oriental-beauty-supreme_loose-tea_gallery.jpg"
        }
    },
    {
        "model": "core.item",
        "pk": 11,
        "fields": {
            "title": "Vintage Imperial Pu erh",
            "price": 22.0,
            "discount_price": 15.0,
            "category": "P",
            "origin": "C",
            "label": "C",
            "slug": "vintage-imperial-pu-erh",
            "description": "Spicy, Supple, Indulgent",
            "image": "1990s-royal-cooked-pu-erh_loose-tea_gallery_v2_1.jpg"
        }
    },
    {
        "model": "core.item",
        "pk": 12,
        "fields": {
            "title": "2008 Cooked Pu erh Mini Cakes",
            "price": 7.0,
            "discount_price": null,
            "category": "P",
            "origin": "C",
            "label": "",
            "slug": "pu-erh-mini-cakes",
            "description": "Warm, Earthy, Smooth",
            "image": "2008-cooked-pu-erh-mini-cakes_loose-tea_gallery_v2.jpg"
        }
    },
    {
        "model": "core.item",
        "pk": 13,
        "fields": {
            "title": "Sencha",
            "price": 52.0,
            "discount_price": null,
            "category": "G",
            "origin": "J",
            "label": "N",
            "slug": "sencha",
            "description": "Verdant, Smooth, Satisfying",
            "image": "sencha_loose-tea_gallery_v2.jpg"
        }
    },
    {
        "model": "core.item",
        "pk": 14,
        "fields": {
            "title": "Gyokuro",
            "price": 62.0,
            "discount_price": null,
            "category": "G",
            "origin": "J",
            "label": "N",
            "slug": "gyokuro",
            "description": "Creamy, Vegetal, Satisfying",
            "image": "gyokuro_loose-tea_gallery_v2.jpg"
        }
    },
    {
        "model": "core.variation",
        "pk": 5,
        "fields": {
            "item": 1,
            "name": "Available as"
        }
    },
    {
        "model": "core.variation",
        "pk": 6,
        "fields": {
            "item": 1,
            "name": "Picked at"
        }
    },
    {
        "model": "core.variation",
        "pk": 7,
        "fields": {
            "item": 4,
            "name": "Available as"
        }
    },
    {
        "model": "core.itemvariation",
        "pk": 5,
        "fields": {
            "variation": 5,
            "value": "Tea Caddy",
            "attachment": "",
            "price": null
        }
    },
    {
        "model": "core.itemvariation",
        "pk": 6,
        "fields": {
            "variation": 5,
            "value": "Loose Tea",
            "attachment": "",
            "price": null
        }
    },
    {
        "model": "core.itemvariation",
        "pk": 7,
        "fields": {
            "variation": 6,
            "value": "Spring",
            "attachment": "",
            "price": null
        }
    },
    {
        "model": "core.itemvariation",
        "pk": 8,
        "fields": {
            "variation": 6,
            "value": "Summer",
            "attachment": "",
            "price": null
        }
    },
    {
        "model": "core.itemvariation",
        "pk": 9,
        "fields": {
            "variation": 6,
            "value": "Autumn",
            "attachment": "",
            "price": null
        }
    },
    {
        "model": "core.itemvariation",
        "pk": 10,
        "fields": {
            "variation": 7,
            "value": "Loose Tea",
            "attachment": "",
            "price": null
        }
    },
    {
        "model": "core.itemvariation",
        "pk": 11,
        "fields": {
            "variation": 7,
            "value": "Tea Bag",
            "attachment": "",
            "price": null
        }
    },
    {
        "model": "core.itemvariation",
        "pk": 12,
        "fields": {
            "variation": 7,
            "value": "Tea Caddy",
            "attachment": "",
            "price": null
        }
    },
    {
        "model": "core.coupon",
        "pk": 2,
        "fields": {
            "code": "TEST",
            "amount": 10.0
        }
    },
    {
        "model": "auth.permission",
        "pk": 1,
        "fields": {
            "name": "Can add log entry",
            "content_type": 1,
            "codename": "add_logentry"
        }
    },
    {
        "model": "auth.permission",
        "pk": 2,
        "fields": {
            "name": "Can change log entry",
            "content_type": 1,
            "codename": "change_logentry"
        }
    },
    {
        "model": "auth.permission",
        "pk": 3,
        "fields": {
            "name": "Can delete log entry",
            "content_type": 1,
            "codename": "delete_logentry"
        }
    },
    {
        "model": "auth.permission",
        "pk": 4,
        "fields": {
            "name": "Can view log entry",
            "content_type": 1,
            "codename": "view_logentry"
        }
    },
    {
        "model": "auth.permission",
        "pk": 5,
        "fields": {
            "name": "Can add permission",
            "content_type": 2,
            "codename": "add_permission"
        }
    },
    {
        "model": "auth.permission",
        "pk": 6,
        "fields": {
            "name": "Can change permission",
            "content_type": 2,
            "codename": "change_permission"
        }
    },
    {
        "model": "auth.permission",
        "pk": 7,
        "fields": {
            "name": "Can delete permission",
            "content_type": 2,
            "codename": "delete_permission"
        }
    },
    {
        "model": "auth.permission",
        "pk": 8,
        "fields": {
            "name": "Can view permission",
            "content_type": 2,
            "codename": "view_permission"
        }
    },
    {
        "model": "auth.permission",
        "pk": 9,
        "fields": {
            "name": "Can add group",
            "content_type": 3,
            "codename": "add_group"
        }
    },
    {
        "model": "auth.permission",
        "pk": 10,
        "fields": {
            "name": "Can change group",
            "content_type": 3,
            "codename": "change_group"
        }
    },
    {
        "model": "auth.permission",
        "pk": 11,
        "fields": {
            "name": "Can delete group",
            "content_type": 3,
            "codename": "delete_group"
        }
    },
    {
        "model": "auth.permission",
        "pk": 12,
        "fields": {
            "name": "Can view group",
            "content_type": 3,
            "codename": "view_group"
        }
    },
    {
        "model": "auth.permission",
        "pk": 13,
        "fields": {
            "name": "Can add user",
            "content_type": 4,
            "codename": "add_user"
        }
    },
    {
        "model": "auth.permission",
        "pk": 14,
        "fields": {
            "name": "Can change user",
            "content_type": 4,
            "codename": "change_user"
        }
    },
    {
        "model": "auth.permission",
        "pk": 15,
        "fields": {
            "name": "Can delete user",
            "content_type": 4,
            "codename": "delete_user"
        }
    },
    {
        "model": "auth.permission",
        "pk": 16,
        "fields": {
            "name": "Can view user",
            "content_type": 4,
            "codename": "view_user"
        }
    },
    {
        "model": "auth.permission",
        "pk": 17,
        "fields": {
            "name": "Can add content type",
            "content_type": 5,
            "codename": "add_contenttype"
        }
    },
    {
        "model": "auth.permission",
        "pk": 18,
        "fields": {
            "name": "Can change content type",
            "content_type": 5,
            "codename": "change_contenttype"
        }
    },
    {
        "model": "auth.permission",
        "pk": 19,
        "fields": {
            "name": "Can delete content type",
            "content_type": 5,
            "codename": "delete_contenttype"
        }
    },
    {
        "model": "auth.permission",
        "pk": 20,
        "fields": {
            "name": "Can view content type",
            "content_type": 5,
            "codename": "view_contenttype"
        }
    },
    {
        "model": "auth.permission",
        "pk": 21,
        "fields": {
            "name": "Can add session",
            "content_type": 6,
            "codename": "add_session"
        }
    },
    {
        "model": "auth.permission",
        "pk": 22,
        "fields": {
            "name": "Can change session",
            "content_type": 6,
            "codename": "change_session"
        }
    },
    {
        "model": "auth.permission",
        "pk": 23,
        "fields": {
            "name": "Can delete session",
            "content_type": 6,
            "codename": "delete_session"
        }
    },
    {
        "model": "auth.permission",
        "pk": 24,
        "fields": {
            "name": "Can view session",
            "content_type": 6,
            "codename": "view_session"
        }
    },
    {
        "model": "auth.permission",
        "pk": 25,
        "fields": {
            "name": "Can add site",
            "content_type": 7,
            "codename": "add_site"
        }
    },
    {
        "model": "auth.permission",
        "pk": 26,
        "fields": {
            "name": "Can change site",
            "content_type": 7,
            "codename": "change_site"
        }
    },
    {
        "model": "auth.permission",
        "pk": 27,
        "fields": {
            "name": "Can delete site",
            "content_type": 7,
            "codename": "delete_site"
        }
    },
    {
        "model": "auth.permission",
        "pk": 28,
        "fields": {
            "name": "Can view site",
            "content_type": 7,
            "codename": "view_site"
        }
    },
    {
        "model": "auth.permission",
        "pk": 29,
        "fields": {
            "name": "Can add email address",
            "content_type": 8,
            "codename": "add_emailaddress"
        }
    },
    {
        "model": "auth.permission",
        "pk": 30,
        "fields": {
            "name": "Can change email address",
            "content_type": 8,
            "codename": "change_emailaddress"
        }
    },
    {
        "model": "auth.permission",
        "pk": 31,
        "fields": {
            "name": "Can delete email address",
            "content_type": 8,
            "codename": "delete_emailaddress"
        }
    },
    {
        "model": "auth.permission",
        "pk": 32,
        "fields": {
            "name": "Can view email address",
            "content_type": 8,
            "codename": "view_emailaddress"
        }
    },
    {
        "model": "auth.permission",
        "pk": 33,
        "fields": {
            "name": "Can add email confirmation",
            "content_type": 9,
            "codename": "add_emailconfirmation"
        }
    },
    {
        "model": "auth.permission",
        "pk": 34,
        "fields": {
            "name": "Can change email confirmation",
            "content_type": 9,
            "codename": "change_emailconfirmation"
        }
    },
    {
        "model": "auth.permission",
        "pk": 35,
        "fields": {
            "name": "Can delete email confirmation",
            "content_type": 9,
            "codename": "delete_emailconfirmation"
        }
    },
    {
        "model": "auth.permission",
        "pk": 36,
        "fields": {
            "name": "Can view email confirmation",
            "content_type": 9,
            "codename": "view_emailconfirmation"
        }
    },
    {
        "model": "auth.permission",
        "pk": 37,
        "fields": {
            "name": "Can add social account",
            "content_type": 10,
            "codename": "add_socialaccount"
        }
    },
    {
        "model": "auth.permission",
        "pk": 38,
        "fields": {
            "name": "Can change social account",
            "content_type": 10,
            "codename": "change_socialaccount"
        }
    },
    {
        "model": "auth.permission",
        "pk": 39,
        "fields": {
            "name": "Can delete social account",
            "content_type": 10,
            "codename": "delete_socialaccount"
        }
    },
    {
        "model": "auth.permission",
        "pk": 40,
        "fields": {
            "name": "Can view social account",
            "content_type": 10,
            "codename": "view_socialaccount"
        }
    },
    {
        "model": "auth.permission",
        "pk": 41,
        "fields": {
            "name": "Can add social application",
            "content_type": 11,
            "codename": "add_socialapp"
        }
    },
    {
        "model": "auth.permission",
        "pk": 42,
        "fields": {
            "name": "Can change social application",
            "content_type": 11,
            "codename": "change_socialapp"
        }
    },
    {
        "model": "auth.permission",
        "pk": 43,
        "fields": {
            "name": "Can delete social application",
            "content_type": 11,
            "codename": "delete_socialapp"
        }
    },
    {
        "model": "auth.permission",
        "pk": 44,
        "fields": {
            "name": "Can view social application",
            "content_type": 11,
            "codename": "view_socialapp"
        }
    },
    {
        "model": "auth.permission",
        "pk": 45,
        "fields": {
            "name": "Can add social application token",
            "content_type": 12,
            "codename": "add_socialtoken"
        }
    },
    {
        "model": "auth.permission",
        "pk": 46,
        "fields": {
            "name": "Can change social application token",
            "content_type": 12,
            "codename": "change_socialtoken"
        }
    },
    {
        "model": "auth.permission",
        "pk": 47,
        "fields": {
            "name": "Can delete social application token",
            "content_type": 12,
            "codename": "delete_socialtoken"
        }
    },
    {
        "model": "auth.permission",
        "pk": 48,
        "fields": {
            "name": "Can view social application token",
            "content_type": 12,
            "codename": "view_socialtoken"
        }
    },
    {
        "model": "auth.permission",
        "pk": 49,
        "fields": {
            "name": "Can add Token",
            "content_type": 13,
            "codename": "add_token"
        }
    },
    {
        "model": "auth.permission",
        "pk": 50,
        "fields": {
            "name": "Can change Token",
            "content_type": 13,
            "codename": "change_token"
        }
    },
    {
        "model": "auth.permission",
        "pk": 51,
        "fields": {
            "name": "Can delete Token",
            "content_type": 13,
            "codename": "delete_token"
        }
    },
    {
        "model": "auth.permission",
        "pk": 52,
        "fields": {
            "name": "Can view Token",
            "content_type": 13,
            "codename": "view_token"
        }
    },
    {
        "model": "auth.permission",
        "pk": 53,
        "fields": {
            "name": "Can add refund",
            "content_type": 14,
            "codename": "add_refund"
        }
    },
    {
        "model": "auth.permission",
        "pk": 54,
        "fields": {
            "name": "Can change refund",
            "content_type": 14,
            "codename": "change_refund"
        }
    },
    {
        "model": "auth.permission",
        "pk": 55,
        "fields": {
            "name": "Can delete refund",
            "content_type": 14,
            "codename": "delete_refund"
        }
    },
    {
        "model": "auth.permission",
        "pk": 56,
        "fields": {
            "name": "Can view refund",
            "content_type": 14,
            "codename": "view_refund"
        }
    },
    {
        "model": "auth.permission",
        "pk": 57,
        "fields": {
            "name": "Can add order",
            "content_type": 15,
            "codename": "add_order"
        }
    },
    {
        "model": "auth.permission",
        "pk": 58,
        "fields": {
            "name": "Can change order",
            "content_type": 15,
            "codename": "change_order"
        }
    },
    {
        "model": "auth.permission",
        "pk": 59,
        "fields": {
            "name": "Can delete order",
            "content_type": 15,
            "codename": "delete_order"
        }
    },
    {
        "model": "auth.permission",
        "pk": 60,
        "fields": {
            "name": "Can view order",
            "content_type": 15,
            "codename": "view_order"
        }
    },
    {
        "model": "auth.permission",
        "pk": 61,
        "fields": {
            "name": "Can add payment",
            "content_type": 16,
            "codename": "add_payment"
        }
    },
    {
        "model": "auth.permission",
        "pk": 62,
        "fields": {
            "name": "Can change payment",
            "content_type": 16,
            "codename": "change_payment"
        }
    },
    {
        "model": "auth.permission",
        "pk": 63,
        "fields": {
            "name": "Can delete payment",
            "content_type": 16,
            "codename": "delete_payment"
        }
    },
    {
        "model": "auth.permission",
        "pk": 64,
        "fields": {
            "name": "Can view payment",
            "content_type": 16,
            "codename": "view_payment"
        }
    },
    {
        "model": "auth.permission",
        "pk": 65,
        "fields": {
            "name": "Can add item",
            "content_type": 17,
            "codename": "add_item"
        }
    },
    {
        "model": "auth.permission",
        "pk": 66,
        "fields": {
            "name": "Can change item",
            "content_type": 17,
            "codename": "change_item"
        }
    },
    {
        "model": "auth.permission",
        "pk": 67,
        "fields": {
            "name": "Can delete item",
            "content_type": 17,
            "codename": "delete_item"
        }
    },
    {
        "model": "auth.permission",
        "pk": 68,
        "fields": {
            "name": "Can view item",
            "content_type": 17,
            "codename": "view_item"
        }
    },
    {
        "model": "auth.permission",
        "pk": 69,
        "fields": {
            "name": "Can add address",
            "content_type": 18,
            "codename": "add_address"
        }
    },
    {
        "model": "auth.permission",
        "pk": 70,
        "fields": {
            "name": "Can change address",
            "content_type": 18,
            "codename": "change_address"
        }
    },
    {
        "model": "auth.permission",
        "pk": 71,
        "fields": {
            "name": "Can delete address",
            "content_type": 18,
            "codename": "delete_address"
        }
    },
    {
        "model": "auth.permission",
        "pk": 72,
        "fields": {
            "name": "Can view address",
            "content_type": 18,
            "codename": "view_address"
        }
    },
    {
        "model": "auth.permission",
        "pk": 73,
        "fields": {
            "name": "Can add user profile",
            "content_type": 19,
            "codename": "add_userprofile"
        }
    },
    {
        "model": "auth.permission",
        "pk": 74,
        "fields": {
            "name": "Can change user profile",
            "content_type": 19,
            "codename": "change_userprofile"
        }
    },
    {
        "model": "auth.permission",
        "pk": 75,
        "fields": {
            "name": "Can delete user profile",
            "content_type": 19,
            "codename": "delete_userprofile"
        }
    },
    {
        "model": "auth.permission",
        "pk": 76,
        "fields": {
            "name": "Can view user profile",
            "content_type": 19,
            "codename": "view_userprofile"
        }
    },
    {
        "model": "auth.permission",
        "pk": 77,
        "fields": {
            "name": "Can add order item",
            "content_type": 20,
            "codename": "add_orderitem"
        }
    },
    {
        "model": "auth.permission",
        "pk": 78,
        "fields": {
            "name": "Can change order item",
            "content_type": 20,
            "codename": "change_orderitem"
        }
    },
    {
        "model": "auth.permission",
        "pk": 79,
        "fields": {
            "name": "Can delete order item",
            "content_type": 20,
            "codename": "delete_orderitem"
        }
    },
    {
        "model": "auth.permission",
        "pk": 80,
        "fields": {
            "name": "Can view order item",
            "content_type": 20,
            "codename": "view_orderitem"
        }
    },
    {
        "model": "auth.permission",
        "pk": 81,
        "fields": {
            "name": "Can add coupon",
            "content_type": 21,
            "codename": "add_coupon"
        }
    },
    {
        "model": "auth.permission",
        "pk": 82,
        "fields": {
            "name": "Can change coupon",
            "content_type": 21,
            "codename": "change_coupon"
        }
    },
    {
        "model": "auth.permission",
        "pk": 83,
        "fields": {
            "name": "Can delete coupon",
            "content_type": 21,
            "codename": "delete_coupon"
        }
    },
    {
        "model": "auth.permission",
        "pk": 84,
        "fields": {
            "name": "Can view coupon",
            "content_type": 21,
            "codename": "view_coupon"
        }
    },
    {
        "model": "auth.permission",
        "pk": 85,
        "fields": {
            "name": "Can add variation",
            "content_type": 22,
            "codename": "add_variation"
        }
    },
    {
        "model": "auth.permission",
        "pk": 86,
        "fields": {
            "name": "Can change variation",
            "content_type": 22,
            "codename": "change_variation"
        }
    },
    {
        "model": "auth.permission",
        "pk": 87,
        "fields": {
            "name": "Can delete variation",
            "content_type": 22,
            "codename": "delete_variation"
        }
    },
    {
        "model": "auth.permission",
        "pk": 88,
        "fields": {
            "name": "Can view variation",
            "content_type": 22,
            "codename": "view_variation"
        }
    },
    {
        "model": "auth.permission",
        "pk": 89,
        "fields": {
            "name": "Can add item variation",
            "content_type": 23,
            "codename": "add_itemvariation"
        }
    },
    {
        "model": "auth.permission",
        "pk": 90,
        "fields": {
            "name": "Can change item variation",
            "content_type": 23,
            "codename": "change_itemvariation"
        }
    },
    {
        "model": "auth.permission",
        "pk": 91,
        "fields": {
            "name": "Can delete item variation",
            "content_type": 23,
            "codename": "delete_itemvariation"
        }
    },
    {
        "model": "auth.permission",
        "pk": 92,
        "fields": {
            "name": "Can view item variation",
            "content_type": 23,
            "codename": "view_itemvariation"
        }
    },
    {
        "model": "auth.user",
        "pk": 1,
        "fields": {
            "password": "pbkdf2_sha256$150000$9wJ4Ezp5DUrj$v8erhoEe3vz1/lXfHY49kgirD98jbRkdENg3Z+PRS/8=",
            "last_login": "2020-01-13T00:28:35.656Z",
            "is_superuser": true,
            "username": "jinz",
            "first_name": "",
            "last_name": "",
            "email": "",
            "is_staff": true,
            "is_active": true,
            "date_joined": "2020-01-07T04:42:49.741Z",
            "groups": [],
            "user_permissions": []
        }
    },
    {
        "model": "auth.user",
        "pk": 6,
        "fields": {
            "password": "pbkdf2_sha256$150000$PGBMd3R8AYkC$1UvvthF/TiizS6i9CRl00WOGbhdbJEo1SEqaCzAgbjc=",
            "last_login": "2020-01-13T00:15:22.219Z",
            "is_superuser": false,
            "username": "admin",
            "first_name": "",
            "last_name": "",
            "email": "ga3@ga.co",
            "is_staff": false,
            "is_active": true,
            "date_joined": "2020-01-13T00:15:22.127Z",
            "groups": [],
            "user_permissions": []
        }
    },
    {
        "model": "account.emailaddress",
        "pk": 5,
        "fields": {
            "user": 6,
            "email": "ga3@ga.co",
            "verified": false,
            "primary": true
        }
    },
    {
        "model": "authtoken.token",
        "pk": "a89f8f1199a402bb0c19e744883bde8f9eabb1c9",
        "fields": {
            "user": 1,
            "created": "2020-01-07T04:43:05.305Z"
        }
    },
    {
        "model": "authtoken.token",
        "pk": "b2e6ad8213845df9610d02f06263b2b5e7ef46c1",
        "fields": {
            "user": 6,
            "created": "2020-01-13T00:15:22.214Z"
        }
    },
    {
        "model": "core.userprofile",
        "pk": 1,
        "fields": {
            "user": 1,
            "stripe_customer_id": "cus_GVXNcMrouy2ERq",
            "one_click_purchasing": true
        }
    },
    {
        "model": "core.orderitem",
        "pk": 16,
        "fields": {
            "user": 1,
            "ordered": true,
            "item": 1,
            "quantity": 1,
            "item_variations": []
        }
    },
    {
        "model": "core.orderitem",
        "pk": 17,
        "fields": {
            "user": 1,
            "ordered": false,
            "item": 1,
            "quantity": 1,
            "item_variations": [
                6,
                8
            ]
        }
    },
    {
        "model": "core.orderitem",
        "pk": 19,
        "fields": {
            "user": 1,
            "ordered": false,
            "item": 2,
            "quantity": 1,
            "item_variations": []
        }
    },
    {
        "model": "core.orderitem",
        "pk": 20,
        "fields": {
            "user": 1,
            "ordered": false,
            "item": 1,
            "quantity": 2,
            "item_variations": [
                5,
                8
            ]
        }
    },
    {
        "model": "core.orderitem",
        "pk": 21,
        "fields": {
            "user": 1,
            "ordered": false,
            "item": 4,
            "quantity": 1,
            "item_variations": [
                12
            ]
        }
    },
    {
        "model": "core.orderitem",
        "pk": 27,
        "fields": {
            "user": 6,
            "ordered": true,
            "item": 1,
            "quantity": 2,
            "item_variations": [
                6,
                8
            ]
        }
    },
    {
        "model": "core.orderitem",
        "pk": 28,
        "fields": {
            "user": 6,
            "ordered": true,
            "item": 1,
            "quantity": 1,
            "item_variations": [
                5,
                9
            ]
        }
    },
    {
        "model": "core.orderitem",
        "pk": 29,
        "fields": {
            "user": 6,
            "ordered": true,
            "item": 2,
            "quantity": 1,
            "item_variations": [
                5,
                9
            ]
        }
    },
    {
        "model": "core.orderitem",
        "pk": 30,
        "fields": {
            "user": 6,
            "ordered": false,
            "item": 4,
            "quantity": 1,
            "item_variations": [
                10
            ]
        }
    },
    {
        "model": "core.order",
        "pk": 3,
        "fields": {
            "user": 1,
            "ref_code": null,
            "start_date": "2020-01-09T01:31:07.605Z",
            "ordered_date": "2020-01-09T01:31:07.605Z",
            "ordered": true,
            "shipping_address": 7,
            "billing_address": null,
            "payment": 2,
            "coupon": 2,
            "being_delivered": false,
            "received": false,
            "refund_requested": false,
            "refund_granted": false,
            "items": []
        }
    },
    {
        "model": "core.order",
        "pk": 4,
        "fields": {
            "user": 1,
            "ref_code": null,
            "start_date": "2020-01-09T09:36:52.540Z",
            "ordered_date": "2020-01-09T09:36:52.540Z",
            "ordered": true,
            "shipping_address": 7,
            "billing_address": 8,
            "payment": 3,
            "coupon": 2,
            "being_delivered": false,
            "received": false,
            "refund_requested": false,
            "refund_granted": false,
            "items": [
                16
            ]
        }
    },
    {
        "model": "core.order",
        "pk": 5,
        "fields": {
            "user": 1,
            "ref_code": null,
            "start_date": "2020-01-12T08:51:54.465Z",
            "ordered_date": "2020-01-12T08:51:54.465Z",
            "ordered": false,
            "shipping_address": null,
            "billing_address": null,
            "payment": null,
            "coupon": 2,
            "being_delivered": false,
            "received": false,
            "refund_requested": false,
            "refund_granted": false,
            "items": [
                20
            ]
        }
    },
    {
        "model": "core.order",
        "pk": 8,
        "fields": {
            "user": 6,
            "ref_code": null,
            "start_date": "2020-01-13T00:15:35.178Z",
            "ordered_date": "2020-01-13T00:15:35.177Z",
            "ordered": true,
            "shipping_address": 12,
            "billing_address": 11,
            "payment": 5,
            "coupon": 2,
            "being_delivered": false,
            "received": false,
            "refund_requested": false,
            "refund_granted": false,
            "items": [
                27,
                28,
                29
            ]
        }
    },
    {
        "model": "core.address",
        "pk": 7,
        "fields": {
            "user": 1,
            "street_address": "1405/10 Atchison Street",
            "apartment_address": "290",
            "country": "AU",
            "zip": "43234",
            "address_type": "S",
            "default": false
        }
    },
    {
        "model": "core.address",
        "pk": 8,
        "fields": {
            "user": 1,
            "street_address": "10 Atchison Street",
            "apartment_address": "10",
            "country": "AU",
            "zip": "2065",
            "address_type": "B",
            "default": true
        }
    },
    {
        "model": "core.address",
        "pk": 11,
        "fields": {
            "user": 6,
            "street_address": "12 Market St, Sydney",
            "apartment_address": "2",
            "country": "AU",
            "zip": "2000",
            "address_type": "B",
            "default": true
        }
    },
    {
        "model": "core.address",
        "pk": 12,
        "fields": {
            "user": 6,
            "street_address": "30 Market St, Sydney",
            "apartment_address": "20",
            "country": "AU",
            "zip": "2000",
            "address_type": "S",
            "default": false
        }
    },
    {
        "model": "core.payment",
        "pk": 1,
        "fields": {
            "stripe_charge_id": "ch_1FyWIgATStmZkRHeqAvBckRZ",
            "user": 1,
            "amount": 1550.0,
            "timestamp": "2020-01-08T04:37:46.524Z"
        }
    },
    {
        "model": "core.payment",
        "pk": 2,
        "fields": {
            "stripe_charge_id": "ch_1FyxElATStmZkRHe8NUrPAGN",
            "user": 1,
            "amount": 590.0,
            "timestamp": "2020-01-09T09:23:32.283Z"
        }
    },
    {
        "model": "core.payment",
        "pk": 3,
        "fields": {
            "stripe_charge_id": "ch_1G00UKATStmZkRHeP6D5XBcf",
            "user": 1,
            "amount": 5.0,
            "timestamp": "2020-01-12T07:03:57.181Z"
        }
    },
    {
        "model": "core.payment",
        "pk": 4,
        "fields": {
            "stripe_charge_id": "ch_1G0GWyATStmZkRHe46FgSMNb",
            "user": null,
            "amount": 57.0,
            "timestamp": "2020-01-13T00:11:45.120Z"
        }
    },
    {
        "model": "core.payment",
        "pk": 5,
        "fields": {
            "stripe_charge_id": "ch_1G0GcwATStmZkRHeapjborYy",
            "user": 6,
            "amount": 57.0,
            "timestamp": "2020-01-13T00:17:55.469Z"
        }
    },
    {
        "model": "admin.logentry",
        "pk": 1,
        "fields": {
            "action_time": "2020-01-07T06:05:37.936Z",
            "user": 1,
            "content_type": 17,
            "object_id": "1",
            "object_repr": "Test Item",
            "action_flag": 1,
            "change_message": "[{\"added\": {}}]"
        }
    },
    {
        "model": "admin.logentry",
        "pk": 2,
        "fields": {
            "action_time": "2020-01-08T00:43:47.027Z",
            "user": 1,
            "content_type": 17,
            "object_id": "1",
            "object_repr": "pants",
            "action_flag": 2,
            "change_message": "[{\"changed\": {\"fields\": [\"title\", \"price\", \"discount_price\", \"category\", \"label\", \"slug\"]}}]"
        }
    },
    {
        "model": "admin.logentry",
        "pk": 3,
        "fields": {
            "action_time": "2020-01-08T00:44:15.681Z",
            "user": 1,
            "content_type": 17,
            "object_id": "2",
            "object_repr": "Test Item",
            "action_flag": 1,
            "change_message": "[{\"added\": {}}]"
        }
    },
    {
        "model": "admin.logentry",
        "pk": 4,
        "fields": {
            "action_time": "2020-01-08T04:31:34.825Z",
            "user": 1,
            "content_type": 19,
            "object_id": "1",
            "object_repr": "jinz",
            "action_flag": 1,
            "change_message": "[{\"added\": {}}]"
        }
    },
    {
        "model": "admin.logentry",
        "pk": 5,
        "fields": {
            "action_time": "2020-01-08T04:32:48.561Z",
            "user": 1,
            "content_type": 18,
            "object_id": "1",
            "object_repr": "jinz",
            "action_flag": 1,
            "change_message": "[{\"added\": {}}]"
        }
    },
    {
        "model": "admin.logentry",
        "pk": 6,
        "fields": {
            "action_time": "2020-01-08T04:33:27.464Z",
            "user": 1,
            "content_type": 18,
            "object_id": "1",
            "object_repr": "jinz",
            "action_flag": 2,
            "change_message": "[{\"changed\": {\"fields\": [\"default\"]}}]"
        }
    },
    {
        "model": "admin.logentry",
        "pk": 7,
        "fields": {
            "action_time": "2020-01-08T04:33:51.193Z",
            "user": 1,
            "content_type": 18,
            "object_id": "1",
            "object_repr": "jinz",
            "action_flag": 2,
            "change_message": "[{\"changed\": {\"fields\": [\"zip\"]}}]"
        }
    },
    {
        "model": "admin.logentry",
        "pk": 8,
        "fields": {
            "action_time": "2020-01-08T04:35:11.356Z",
            "user": 1,
            "content_type": 18,
            "object_id": "1",
            "object_repr": "jinz",
            "action_flag": 2,
            "change_message": "[]"
        }
    },
    {
        "model": "admin.logentry",
        "pk": 9,
        "fields": {
            "action_time": "2020-01-08T04:35:41.867Z",
            "user": 1,
            "content_type": 18,
            "object_id": "2",
            "object_repr": "jinz",
            "action_flag": 1,
            "change_message": "[{\"added\": {}}]"
        }
    },
    {
        "model": "admin.logentry",
        "pk": 10,
        "fields": {
            "action_time": "2020-01-08T04:51:40.273Z",
            "user": 1,
            "content_type": 15,
            "object_id": "1",
            "object_repr": "jinz",
            "action_flag": 3,
            "change_message": ""
        }
    },
    {
        "model": "admin.logentry",
        "pk": 11,
        "fields": {
            "action_time": "2020-01-08T06:27:28.469Z",
            "user": 1,
            "content_type": 21,
            "object_id": "1",
            "object_repr": "TEST",
            "action_flag": 1,
            "change_message": "[{\"added\": {}}]"
        }
    },
    {
        "model": "admin.logentry",
        "pk": 12,
        "fields": {
            "action_time": "2020-01-08T07:01:28.542Z",
            "user": 1,
            "content_type": 21,
            "object_id": "1",
            "object_repr": "TEST",
            "action_flag": 3,
            "change_message": ""
        }
    },
    {
        "model": "admin.logentry",
        "pk": 13,
        "fields": {
            "action_time": "2020-01-08T07:01:30.917Z",
            "user": 1,
            "content_type": 15,
            "object_id": "2",
            "object_repr": "jinz",
            "action_flag": 2,
            "change_message": "[]"
        }
    },
    {
        "model": "admin.logentry",
        "pk": 14,
        "fields": {
            "action_time": "2020-01-08T07:13:59.750Z",
            "user": 1,
            "content_type": 21,
            "object_id": "2",
            "object_repr": "TEST",
            "action_flag": 1,
            "change_message": "[{\"added\": {}}]"
        }
    },
    {
        "model": "admin.logentry",
        "pk": 15,
        "fields": {
            "action_time": "2020-01-08T08:58:31.784Z",
            "user": 1,
            "content_type": 22,
            "object_id": "1",
            "object_repr": "color",
            "action_flag": 1,
            "change_message": "[{\"added\": {}}, {\"added\": {\"name\": \"item variation\", \"object\": \"red\"}}, {\"added\": {\"name\": \"item variation\", \"object\": \"green\"}}, {\"added\": {\"name\": \"item variation\", \"object\": \"blue\"}}]"
        }
    },
    {
        "model": "admin.logentry",
        "pk": 16,
        "fields": {
            "action_time": "2020-01-08T09:44:02.314Z",
            "user": 1,
            "content_type": 22,
            "object_id": "2",
            "object_repr": "size",
            "action_flag": 1,
            "change_message": "[{\"added\": {}}, {\"added\": {\"name\": \"item variation\", \"object\": \"small\"}}, {\"added\": {\"name\": \"item variation\", \"object\": \"mediun\"}}, {\"added\": {\"name\": \"item variation\", \"object\": \"large\"}}]"
        }
    },
    {
        "model": "admin.logentry",
        "pk": 17,
        "fields": {
            "action_time": "2020-01-09T01:29:31.799Z",
            "user": 1,
            "content_type": 15,
            "object_id": "2",
            "object_repr": "jinz",
            "action_flag": 3,
            "change_message": ""
        }
    },
    {
        "model": "admin.logentry",
        "pk": 18,
        "fields": {
            "action_time": "2020-01-09T01:29:57.085Z",
            "user": 1,
            "content_type": 20,
            "object_id": "4",
            "object_repr": "1 of Test Item",
            "action_flag": 3,
            "change_message": ""
        }
    },
    {
        "model": "admin.logentry",
        "pk": 19,
        "fields": {
            "action_time": "2020-01-09T01:29:57.088Z",
            "user": 1,
            "content_type": 20,
            "object_id": "3",
            "object_repr": "2 of pants",
            "action_flag": 3,
            "change_message": ""
        }
    },
    {
        "model": "admin.logentry",
        "pk": 20,
        "fields": {
            "action_time": "2020-01-09T01:29:57.089Z",
            "user": 1,
            "content_type": 20,
            "object_id": "2",
            "object_repr": "3 of Test Item",
            "action_flag": 3,
            "change_message": ""
        }
    },
    {
        "model": "admin.logentry",
        "pk": 21,
        "fields": {
            "action_time": "2020-01-09T01:29:57.090Z",
            "user": 1,
            "content_type": 20,
            "object_id": "1",
            "object_repr": "7 of pants",
            "action_flag": 3,
            "change_message": ""
        }
    },
    {
        "model": "admin.logentry",
        "pk": 22,
        "fields": {
            "action_time": "2020-01-09T01:32:50.641Z",
            "user": 1,
            "content_type": 20,
            "object_id": "6",
            "object_repr": "1 of pants",
            "action_flag": 3,
            "change_message": ""
        }
    },
    {
        "model": "admin.logentry",
        "pk": 23,
        "fields": {
            "action_time": "2020-01-09T01:32:50.643Z",
            "user": 1,
            "content_type": 20,
            "object_id": "5",
            "object_repr": "1 of pants",
            "action_flag": 3,
            "change_message": ""
        }
    },
    {
        "model": "admin.logentry",
        "pk": 24,
        "fields": {
            "action_time": "2020-01-09T06:40:49.974Z",
            "user": 1,
            "content_type": 18,
            "object_id": "3",
            "object_repr": "jinz",
            "action_flag": 3,
            "change_message": ""
        }
    },
    {
        "model": "admin.logentry",
        "pk": 25,
        "fields": {
            "action_time": "2020-01-09T06:44:54.938Z",
            "user": 1,
            "content_type": 18,
            "object_id": "4",
            "object_repr": "jinz",
            "action_flag": 3,
            "change_message": ""
        }
    },
    {
        "model": "admin.logentry",
        "pk": 26,
        "fields": {
            "action_time": "2020-01-09T07:41:41.108Z",
            "user": 1,
            "content_type": 18,
            "object_id": "2",
            "object_repr": "jinz",
            "action_flag": 3,
            "change_message": ""
        }
    },
    {
        "model": "admin.logentry",
        "pk": 27,
        "fields": {
            "action_time": "2020-01-09T07:52:16.228Z",
            "user": 1,
            "content_type": 18,
            "object_id": "1",
            "object_repr": "jinz",
            "action_flag": 3,
            "change_message": ""
        }
    },
    {
        "model": "admin.logentry",
        "pk": 28,
        "fields": {
            "action_time": "2020-01-09T07:52:54.316Z",
            "user": 1,
            "content_type": 18,
            "object_id": "5",
            "object_repr": "jinz",
            "action_flag": 1,
            "change_message": "[{\"added\": {}}]"
        }
    },
    {
        "model": "admin.logentry",
        "pk": 29,
        "fields": {
            "action_time": "2020-01-09T07:54:28.946Z",
            "user": 1,
            "content_type": 18,
            "object_id": "5",
            "object_repr": "jinz",
            "action_flag": 3,
            "change_message": ""
        }
    },
    {
        "model": "admin.logentry",
        "pk": 30,
        "fields": {
            "action_time": "2020-01-09T10:46:53.543Z",
            "user": 1,
            "content_type": 18,
            "object_id": "6",
            "object_repr": "jinz",
            "action_flag": 2,
            "change_message": "[{\"changed\": {\"fields\": [\"address_type\"]}}]"
        }
    },
    {
        "model": "admin.logentry",
        "pk": 31,
        "fields": {
            "action_time": "2020-01-10T09:14:59.800Z",
            "user": 1,
            "content_type": 17,
            "object_id": "2",
            "object_repr": "Test Item",
            "action_flag": 3,
            "change_message": ""
        }
    },
    {
        "model": "admin.logentry",
        "pk": 32,
        "fields": {
            "action_time": "2020-01-10T09:14:59.803Z",
            "user": 1,
            "content_type": 17,
            "object_id": "1",
            "object_repr": "pants",
            "action_flag": 3,
            "change_message": ""
        }
    },
    {
        "model": "admin.logentry",
        "pk": 33,
        "fields": {
            "action_time": "2020-01-10T09:30:33.712Z",
            "user": 1,
            "content_type": 17,
            "object_id": "1",
            "object_repr": "Jasmine Silver Needle",
            "action_flag": 1,
            "change_message": "[{\"added\": {}}]"
        }
    },
    {
        "model": "admin.logentry",
        "pk": 34,
        "fields": {
            "action_time": "2020-01-10T09:32:47.203Z",
            "user": 1,
            "content_type": 17,
            "object_id": "2",
            "object_repr": "Jasmine Pearls",
            "action_flag": 1,
            "change_message": "[{\"added\": {}}]"
        }
    },
    {
        "model": "admin.logentry",
        "pk": 35,
        "fields": {
            "action_time": "2020-01-10T09:35:05.658Z",
            "user": 1,
            "content_type": 17,
            "object_id": "3",
            "object_repr": "Shimen Green Mountain",
            "action_flag": 1,
            "change_message": "[{\"added\": {}}]"
        }
    },
    {
        "model": "admin.logentry",
        "pk": 36,
        "fields": {
            "action_time": "2020-01-10T09:35:50.010Z",
            "user": 1,
            "content_type": 17,
            "object_id": "2",
            "object_repr": "Jasmine Pearls",
            "action_flag": 2,
            "change_message": "[{\"changed\": {\"fields\": [\"price\", \"description\"]}}]"
        }
    },
    {
        "model": "admin.logentry",
        "pk": 37,
        "fields": {
            "action_time": "2020-01-10T09:36:24.241Z",
            "user": 1,
            "content_type": 17,
            "object_id": "2",
            "object_repr": "Jasmine Pearls",
            "action_flag": 2,
            "change_message": "[{\"changed\": {\"fields\": [\"label\", \"description\"]}}]"
        }
    },
    {
        "model": "admin.logentry",
        "pk": 38,
        "fields": {
            "action_time": "2020-01-10T09:36:43.423Z",
            "user": 1,
            "content_type": 17,
            "object_id": "1",
            "object_repr": "Jasmine Silver Needle",
            "action_flag": 2,
            "change_message": "[{\"changed\": {\"fields\": [\"price\", \"discount_price\", \"description\"]}}]"
        }
    },
    {
        "model": "admin.logentry",
        "pk": 39,
        "fields": {
            "action_time": "2020-01-10T09:38:17.790Z",
            "user": 1,
            "content_type": 17,
            "object_id": "4",
            "object_repr": "Organic Matcha",
            "action_flag": 1,
            "change_message": "[{\"added\": {}}]"
        }
    },
    {
        "model": "admin.logentry",
        "pk": 40,
        "fields": {
            "action_time": "2020-01-10T09:40:26.944Z",
            "user": 1,
            "content_type": 17,
            "object_id": "5",
            "object_repr": "Assam Breakfast Tea",
            "action_flag": 1,
            "change_message": "[{\"added\": {}}]"
        }
    },
    {
        "model": "admin.logentry",
        "pk": 41,
        "fields": {
            "action_time": "2020-01-10T09:43:18.283Z",
            "user": 1,
            "content_type": 17,
            "object_id": "6",
            "object_repr": "Organic Darjeeling First Flush",
            "action_flag": 1,
            "change_message": "[{\"added\": {}}]"
        }
    },
    {
        "model": "admin.logentry",
        "pk": 42,
        "fields": {
            "action_time": "2020-01-10T09:48:32.403Z",
            "user": 1,
            "content_type": 17,
            "object_id": "7",
            "object_repr": "Chamomile Tea",
            "action_flag": 1,
            "change_message": "[{\"added\": {}}]"
        }
    },
    {
        "model": "admin.logentry",
        "pk": 43,
        "fields": {
            "action_time": "2020-01-10T09:48:49.889Z",
            "user": 1,
            "content_type": 17,
            "object_id": "7",
            "object_repr": "Chamomile Tea",
            "action_flag": 2,
            "change_message": "[]"
        }
    },
    {
        "model": "admin.logentry",
        "pk": 44,
        "fields": {
            "action_time": "2020-01-10T09:50:03.497Z",
            "user": 1,
            "content_type": 17,
            "object_id": "8",
            "object_repr": "Raspberry & Rose",
            "action_flag": 1,
            "change_message": "[{\"added\": {}}]"
        }
    },
    {
        "model": "admin.logentry",
        "pk": 45,
        "fields": {
            "action_time": "2020-01-10T09:51:37.808Z",
            "user": 1,
            "content_type": 17,
            "object_id": "9",
            "object_repr": "Phoenix Thunder",
            "action_flag": 1,
            "change_message": "[{\"added\": {}}]"
        }
    },
    {
        "model": "admin.logentry",
        "pk": 46,
        "fields": {
            "action_time": "2020-01-10T09:58:22.805Z",
            "user": 1,
            "content_type": 17,
            "object_id": "10",
            "object_repr": "Oriental Beauty Supreme",
            "action_flag": 1,
            "change_message": "[{\"added\": {}}]"
        }
    },
    {
        "model": "admin.logentry",
        "pk": 47,
        "fields": {
            "action_time": "2020-01-10T10:00:00.391Z",
            "user": 1,
            "content_type": 17,
            "object_id": "11",
            "object_repr": "Vintage Imperial Pu erh",
            "action_flag": 1,
            "change_message": "[{\"added\": {}}]"
        }
    },
    {
        "model": "admin.logentry",
        "pk": 48,
        "fields": {
            "action_time": "2020-01-10T10:02:27.778Z",
            "user": 1,
            "content_type": 17,
            "object_id": "12",
            "object_repr": "2008 Cooked Pu erh Mini Cakes",
            "action_flag": 1,
            "change_message": "[{\"added\": {}}]"
        }
    },
    {
        "model": "admin.logentry",
        "pk": 49,
        "fields": {
            "action_time": "2020-01-10T10:04:01.080Z",
            "user": 1,
            "content_type": 17,
            "object_id": "13",
            "object_repr": "Sencha",
            "action_flag": 1,
            "change_message": "[{\"added\": {}}]"
        }
    },
    {
        "model": "admin.logentry",
        "pk": 50,
        "fields": {
            "action_time": "2020-01-10T10:05:37.723Z",
            "user": 1,
            "content_type": 17,
            "object_id": "14",
            "object_repr": "Gyokuro",
            "action_flag": 1,
            "change_message": "[{\"added\": {}}]"
        }
    },
    {
        "model": "admin.logentry",
        "pk": 51,
        "fields": {
            "action_time": "2020-01-10T10:16:03.976Z",
            "user": 1,
            "content_type": 17,
            "object_id": "6",
            "object_repr": "Organic Darjeeling First Flush",
            "action_flag": 2,
            "change_message": "[{\"changed\": {\"fields\": [\"origin\"]}}]"
        }
    },
    {
        "model": "admin.logentry",
        "pk": 52,
        "fields": {
            "action_time": "2020-01-10T10:16:25.147Z",
            "user": 1,
            "content_type": 17,
            "object_id": "6",
            "object_repr": "Organic Darjeeling First Flush",
            "action_flag": 2,
            "change_message": "[]"
        }
    },
    {
        "model": "admin.logentry",
        "pk": 53,
        "fields": {
            "action_time": "2020-01-12T07:41:03.290Z",
            "user": 1,
            "content_type": 22,
            "object_id": "3",
            "object_repr": "Package",
            "action_flag": 1,
            "change_message": "[{\"added\": {}}, {\"added\": {\"name\": \"item variation\", \"object\": \"Loose Tea\"}}, {\"added\": {\"name\": \"item variation\", \"object\": \"Tea Caddy\"}}]"
        }
    },
    {
        "model": "admin.logentry",
        "pk": 54,
        "fields": {
            "action_time": "2020-01-12T07:41:40.249Z",
            "user": 1,
            "content_type": 22,
            "object_id": "4",
            "object_repr": "Quantity",
            "action_flag": 1,
            "change_message": "[{\"added\": {}}, {\"added\": {\"name\": \"item variation\", \"object\": \"50g\"}}, {\"added\": {\"name\": \"item variation\", \"object\": \"100g\"}}]"
        }
    },
    {
        "model": "admin.logentry",
        "pk": 55,
        "fields": {
            "action_time": "2020-01-12T08:09:11.560Z",
            "user": 1,
            "content_type": 22,
            "object_id": "3",
            "object_repr": "Package",
            "action_flag": 3,
            "change_message": ""
        }
    },
    {
        "model": "admin.logentry",
        "pk": 56,
        "fields": {
            "action_time": "2020-01-12T08:09:18.278Z",
            "user": 1,
            "content_type": 22,
            "object_id": "4",
            "object_repr": "Quantity",
            "action_flag": 3,
            "change_message": ""
        }
    },
    {
        "model": "admin.logentry",
        "pk": 57,
        "fields": {
            "action_time": "2020-01-12T08:10:12.974Z",
            "user": 1,
            "content_type": 22,
            "object_id": "5",
            "object_repr": "Package",
            "action_flag": 1,
            "change_message": "[{\"added\": {}}, {\"added\": {\"name\": \"item variation\", \"object\": \"Tea Caddy\"}}, {\"added\": {\"name\": \"item variation\", \"object\": \"Loose Tea\"}}]"
        }
    },
    {
        "model": "admin.logentry",
        "pk": 58,
        "fields": {
            "action_time": "2020-01-12T08:10:44.231Z",
            "user": 1,
            "content_type": 22,
            "object_id": "6",
            "object_repr": "Picked at",
            "action_flag": 1,
            "change_message": "[{\"added\": {}}, {\"added\": {\"name\": \"item variation\", \"object\": \"Spring\"}}, {\"added\": {\"name\": \"item variation\", \"object\": \"Summer\"}}, {\"added\": {\"name\": \"item variation\", \"object\": \"Autumn\"}}]"
        }
    },
    {
        "model": "admin.logentry",
        "pk": 59,
        "fields": {
            "action_time": "2020-01-12T08:10:58.937Z",
            "user": 1,
            "content_type": 22,
            "object_id": "5",
            "object_repr": "Available as",
            "action_flag": 2,
            "change_message": "[{\"changed\": {\"fields\": [\"name\"]}}]"
        }
    },
    {
        "model": "admin.logentry",
        "pk": 60,
        "fields": {
            "action_time": "2020-01-12T09:04:18.152Z",
            "user": 1,
            "content_type": 22,
            "object_id": "7",
            "object_repr": "Av",
            "action_flag": 1,
            "change_message": "[{\"added\": {}}]"
        }
    },
    {
        "model": "admin.logentry",
        "pk": 61,
        "fields": {
            "action_time": "2020-01-12T09:04:45.030Z",
            "user": 1,
            "content_type": 22,
            "object_id": "7",
            "object_repr": "Available as",
            "action_flag": 2,
            "change_message": "[{\"changed\": {\"fields\": [\"name\"]}}, {\"added\": {\"name\": \"item variation\", \"object\": \"Loose Tea\"}}, {\"added\": {\"name\": \"item variation\", \"object\": \"Tea Bag\"}}, {\"added\": {\"name\": \"item variation\", \"object\": \"Tea Caddy\"}}]"
        }
    },
    {
        "model": "admin.logentry",
        "pk": 62,
        "fields": {
            "action_time": "2020-01-13T00:02:14.107Z",
            "user": 1,
            "content_type": 4,
            "object_id": "3",
            "object_repr": "admin",
            "action_flag": 3,
            "change_message": ""
        }
    },
    {
        "model": "admin.logentry",
        "pk": 63,
        "fields": {
            "action_time": "2020-01-13T00:02:14.112Z",
            "user": 1,
            "content_type": 4,
            "object_id": "2",
            "object_repr": "jinjin",
            "action_flag": 3,
            "change_message": ""
        }
    },
    {
        "model": "admin.logentry",
        "pk": 64,
        "fields": {
            "action_time": "2020-01-13T00:05:05.745Z",
            "user": 1,
            "content_type": 4,
            "object_id": "4",
            "object_repr": "admin",
            "action_flag": 3,
            "change_message": ""
        }
    },
    {
        "model": "admin.logentry",
        "pk": 65,
        "fields": {
            "action_time": "2020-01-13T00:12:35.174Z",
            "user": 1,
            "content_type": 4,
            "object_id": "5",
            "object_repr": "admin",
            "action_flag": 3,
            "change_message": ""
        }
    }
]